{
  "execution_time": 0.00782632827758789,
  "cycles_executed": 1000,
  "cycles_per_second": 127773.83781149088,
  "timestamp": 1758346437.2149029,
  "program": null
}